Unnamed: 0,Aggregate,Fridge,Freezer_1,Freezer_2,Washer dryer,Washing Machine,Dish Washer,Computer,Television Site,Eelctric heater,Air temperature,Relative humidity,Wind speed
04-11-2013 09:00,0.859707904,0.03692268,0.013565292,0.028678694,0,0,0,0,0.000810997,0.001,5.777333333,78.06666667,1.902
04-11-2013 10:00,1.337131092,0,0.011635294,0.021285714,0,0,0,0,0,0.001,7.186,73.9625,2.13525
04-11-2013 11:00,1.626900192,0.030456814,0.010834933,0.018028791,0,0,0,0,0,0.001,8.45,72.83,2.33425
04-11-2013 12:00,1.594797127,0.009220826,0.013174147,0.020441652,0,0,0,0,0,0.001,9.5225,65.2075,3.07175
04-11-2013 13:00,1.48449692,0.010796715,0.015825462,0.027741273,0,0.061406571,0,0,0,0.001,9.8525,65.9775,3.54825
04-11-2013 14:00,0.725247772,0.027356506,0.015983957,0.026030303,0,0,0,0,0,0.001,9.6425,70.5,2.92575
04-11-2013 15:00,0.627222621,0.000129264,0.016186715,0.028017953,0,0,0,0,0.021267504,0.001,9.15,74.315,2.52475
04-11-2013 16:00,0.383864818,0.040681109,0.014084922,0.026970537,0,0,0,0,0.030528596,0.001,8.06475,77.4075,2.12775
04-11-2013 17:00,0.469438567,0.000370307,0.013546075,0.027974403,0,0,0,0,0.003813993,0.001,6.9355,81.185,1.47725
04-11-2013 18:00,1.118643581,0.01189527,0.013195946,0.027930743,0,0,0,0,0,0.000998311,6.2235,84.625,1.21275
04-11-2013 19:00,0.574369384,0.028762063,0.010785358,0.027763727,0,0,0,0.027302829,0,0.001,6.0055,83.25,1.28825
04-11-2013 20:00,0.543994889,0,0.00950937,0.020449744,0,0,0,0.022625213,0.01993356,0.001,6.04475,83.15,1.41375
04-11-2013 21:00,0.567621622,0.036501689,0.009412162,0.019256757,0,0,0,0,0.030797297,0.001,5.81875,83.725,1.30325
04-11-2013 22:00,0.648107325,0,0.010344123,0.019502555,0,0,0,0,0.026253833,0.001,5.204,85.7,1.0155
04-11-2013 23:00,0.229744574,0.012747913,0.013078464,0.024659432,0,0,0,0,0,0.001,4.51825,87.55,0.7575
05-11-2013 00:00,0.226796327,0.024626043,0.013081803,0.027831386,0,0,0,0,0,0.000994992,4.86225,86.125,0.93575
05-11-2013 01:00,0.205124789,0,0.013310287,0.027423272,0,0,0,0,0,0.001,5.48525,82.075,0.9885
05-11-2013 02:00,0.212063439,0.032873122,0.012959933,0.027025042,0,0,0,0,0,0.001,5.29675,82.725,0.62675
05-11-2013 03:00,0.198954545,0.004720539,0.012941077,0.026203704,0,0,0,0,0.001518519,0.001,4.849,83.075,0.74225
05-11-2013 04:00,0.199153457,0,0.013608769,0.025946037,0,0,0,0,0,0.001,4.92925,85.6,0.8065
05-11-2013 05:00,0.209443333,0.037403333,0.013411667,0.016675,0,0,0,0,0,0.000998333,4.51075,93.075,0.88575
05-11-2013 06:00,0.221107203,0,0.013348409,0.015827471,0,0,0,0,0,0.001,5.1015,94,0.987
05-11-2013 07:00,0.486137615,0.000280734,0.011605505,0.023581651,0,0,0,0,0,0.001,5.973,94.175,0.9585
05-11-2013 08:00,0.428179054,0.037690878,0.010849662,0.02708277,0,0,0,0,0,0.001,7.26325,92.75,1.01875
05-11-2013 09:00,0.716110887,0,0.005554435,0.032943548,0,0,0,0,0.025641129,0.001,8.02875,92.825,1.15175
05-11-2013 10:00,0.32900321,0.018089888,0.01476565,0.02664366,0,0,0,0,0,0.001,8.9225,92.65,1.27
05-11-2013 11:00,0.611624101,0.020629496,0.013597122,0.026246403,0,0,0,0,0.033816547,0.001,9.34,92.575,2.25725
05-11-2013 12:00,0.561461538,0,0.011769231,0.025796844,0,0,0,0,0.030360947,0.001,10.1175,88.325,2.91275
05-11-2013 13:00,0.42742654,0.014260664,0.023838863,0.024194313,0,0,0,0,0.030654028,0.001,9.6825,83.875,3.10275
05-11-2013 14:00,0.354015936,0,0.014948207,0.0197251,0,0,0,0.021175299,0.030444223,0.001,9.66,79.0925,3.23125
05-11-2013 15:00,0.394897163,0.000184397,0.013666667,0.01862766,0,0,0,0.008067376,0.030911348,0.001,8.9225,77.32,2.95175
05-11-2013 16:00,0.476462025,0.037362869,0.013067511,0.028845992,0,0,0,0.00678692,0.034135021,0.001,8.4825,79.7525,2.80525
05-11-2013 17:00,0.590812367,0,0.014547974,0.025528785,0,0,0,0.005385928,0.00698081,0.001,7.84825,83.3,1.34075
05-11-2013 18:00,0.610696459,0.034376054,0.011868465,0.028789207,0,0,0,0,0,0.001,8.2925,81.2725,2.72525
05-11-2013 19:00,0.590603679,0.003550167,0.011692308,0.028846154,0,0,0,0,0,0.001,8.07825,81.775,2.732
05-11-2013 20:00,0.581468333,0,0.010958333,0.028676667,0,0,0,0,0,0.001,7.345,83,1.12725
05-11-2013 21:00,1.747437396,0.038158598,0.010981636,0.02975793,0,0,0,0,0.004772955,0.000994992,7.31175,80.5925,0.874
05-11-2013 22:00,0.549550167,0,0.011168896,0.025647157,0,0,0,0,0.02937291,0.001,7.47025,80.9475,0.98725
05-11-2013 23:00,0.336135364,0.034099831,0.013675127,0.022221658,0,0,0,0,0,0.001,7.2365,84.575,1.079
06-11-2013 00:00,0.206664418,0.003674536,0.013666105,0.021768971,0,0,0,0,0.006730185,0.001,7.72575,82.675,1.54025
06-11-2013 01:00,0.207553381,0,0.01394306,0.019725979,0,0,0,0,0.009909253,0.001,8.375,79.9275,1.72575
06-11-2013 02:00,0.219002618,0.039659686,0.014206806,0.026876963,0,0,0,0,0,0.001,8.4125,81.475,1.4695
06-11-2013 03:00,0.199738903,0,0.011553525,0.025950392,0,0,0,0,0.00162141,0.000994778,8.1975,83.825,1.15075
06-11-2013 04:00,0.206137157,0.016568579,0.015568579,0.030930175,0,0,0,0,0,0.001,8.2775,83.975,1.203
06-11-2013 05:00,1.211627848,0.017134177,0.014893671,0.027559494,0,0,0.993437975,0,0,0.001,8.3575,84.3,1.21525
06-11-2013 06:00,0.217718204,0,0.012992519,0.026376559,0,0,1.25E-05,0,0,0.001,8.5325,84.5,1.3145
06-11-2013 07:00,0.605749311,0.044848485,0.013716253,0.026371901,0,0,0,0,0,0.000986226,8.5475,85.675,1.3525
06-11-2013 08:00,0.317471264,0.000103448,0.013787356,0.023637931,0,0,0,0,0,0.001,8.8425,85.15,1.484
06-11-2013 09:00,0.317634271,0.009992327,0.016539642,0.015179028,0,0,0,0,0,0.001,9.115,86.15,1.50725
06-11-2013 10:00,0.351819797,0.01271066,0.015614213,0.011812183,0,0,0,0,0,0.001,9.69,85.55,1.318
06-11-2013 11:00,0.371854027,0,0.013706376,0.02441443,0,0,0,0,0,0.001,10.1325,86.525,1.18325
06-11-2013 12:00,0.25069214,0.02880786,0.007427948,0.021303493,0,0,0,0,0,0.001,10.3125,88.825,0.99425
06-11-2013 13:00,0.246476793,0,0.015894515,0.02828481,0,0,0,0,0,0.001,10.5175,89.35,0.78375
06-11-2013 14:00,0.253518931,0.002240535,0.015193764,0.026436526,0,0,0,0,0,0.001,10.345,91.475,0.5085
06-11-2013 15:00,0.223120163,0.033837067,0.012698574,0.028741344,0,0,0,0,0,0.001,9.78,93.225,0.3285
06-11-2013 16:00,0.221023585,0,0.015742925,0.020971698,0,0,0,0,0,0.000997642,9.49,95.275,0.644
06-11-2013 17:00,0.576228111,0.023467742,0.017493088,0.018073733,0,0,0,0,0.001836406,0.001,9.395,96.075,0.735
06-11-2013 18:00,0.732548872,0.018451128,0.014727444,0.019394737,0,0,0,0,0.030477444,0.001,9.6175,96.4,0.71925
06-11-2013 19:00,0.644101036,0.015417098,0.016396373,0.027979275,0,0,0,0,0.030453368,0.001,12.245,95.15,1.61825
06-11-2013 20:00,0.593043928,0.023470284,0.024751938,0.03145478,0,0,0,0,0.030909561,0.001,12.905,93.175,2.24475
06-11-2013 21:00,0.565573566,0.000122195,0.016468828,0.029269327,0,0,0,0,0.030319202,0.001,9.37,95.625,1.5865
06-11-2013 22:00,0.856478372,0.04686514,0.015529262,0.030231552,0,0,0,0.015114504,0.030770992,0.001,9.105,95.425,1.12975
06-11-2013 23:00,0.364304348,0,0.017339674,0.028828804,0,0,0,0.0010625,0.01051087,0.001,9.1575,93.825,1.75125
07-11-2013 00:00,0.223296791,0.034647059,0.011786096,0.027879679,0,0,0,0,0,0.001,8.775,93.5,1.7495
07-11-2013 01:00,0.198233933,0.003696658,0.014362468,0.021791774,0,0,0,0,0,0.001,8.305,91.675,1.6935
07-11-2013 02:00,0.249459103,0,0.01291029,0.106641161,0,0,0,0,0,0.001,7.816,91.275,1.4435
07-11-2013 03:00,0.207685579,0.038307329,0.013252955,0.023122931,0,0,0,0,0.00148227,0.001,7.6315,91.975,1.35375
07-11-2013 04:00,0.195024272,0,0.011745146,0.027186893,0,0,0,0,0,0.000995146,7.39,91.125,1.437
07-11-2013 05:00,0.204176166,0.021650259,0.013178756,0.02953886,0,0,0,0,0,0.001,7.3645,90.55,1.489
07-11-2013 06:00,0.568691099,0.018751309,0.011426702,0.025246073,0,0.299442408,0,0,0,0.001,7.095,91.1,1.10525
07-11-2013 07:00,0.430059809,0.000373206,0.011045455,0.028921053,0,4.78E-06,0,0,0,0.001,6.31675,92.7,0.768
07-11-2013 08:00,0.500170799,0.036528926,0.011867769,0.028807163,0,0,0,0,0,0.001,6.78025,89.975,1.19675
07-11-2013 09:00,0.716157107,0.000488778,0.013478803,0.029690773,0,0,0,0,0,0.001,7.61125,85.9,1.259
07-11-2013 10:00,0.899,0,0.04744,0,0,0,0,0,0,0.001,8.6075,82,1.449
07-11-2013 11:00,,,,,,,,,,,8.9675,79.04,1.4315
07-11-2013 12:00,,,,,,,,,,,9.67,75.51,1.1325
07-11-2013 13:00,,,,,,,,,,,10.06,72.8875,1.29875
07-11-2013 14:00,,,,,,,,,,,9.985,72.015,1.2935
07-11-2013 15:00,,,,,,,,,,,9.3575,75.885,0.89375
07-11-2013 16:00,,,,,,,,,,,8.865,79.88,1.123
07-11-2013 17:00,,,,,,,,,,,8.765,82.625,1.19075
07-11-2013 18:00,,,,,,,,,,,8.5375,84.25,1.273
07-11-2013 19:00,,,,,,,,,,,8.24,84.45,1.352
07-11-2013 20:00,,,,,,,,,,,7.704,85.475,1.03575
07-11-2013 21:00,,,,,,,,,,,7.451,87.075,1.205
07-11-2013 22:00,,,,,,,,,,,7.29575,87.225,1.429
07-11-2013 23:00,,,,,,,,,,,7.29275,86.9,1.443
08-11-2013 00:00,,,,,,,,,,,7.065,86.95,1.2225
08-11-2013 01:00,,,,,,,,,,,6.734,87.725,1.329
08-11-2013 02:00,,,,,,,,,,,6.64875,88.55,1.043
08-11-2013 03:00,,,,,,,,,,,6.69875,89.3,0.838
08-11-2013 04:00,,,,,,,,,,,6.73625,90.1,0.7385
08-11-2013 05:00,,,,,,,,,,,6.4695,90.6,0.83975
08-11-2013 06:00,,,,,,,,,,,6.152,90.8,1.00025
08-11-2013 07:00,,,,,,,,,,,5.796,92.3,0.89625
08-11-2013 08:00,,,,,,,,,,,5.94025,91.975,0.78525
08-11-2013 09:00,,,,,,,,,,,7.64175,87.275,0.77825
08-11-2013 10:00,,,,,,,,,,,9.9225,80.3575,0.967
08-11-2013 11:00,1.129549296,0.073528169,0.008894366,0,0,0,0,0,0,0.001,9.995,84.05,0.75575
08-11-2013 12:00,0.718170478,0.017596674,0.012505198,0.026058212,0,0,0,0,0,0.001,8.72,88.9,0.865
08-11-2013 13:00,0.615883333,0.016725,0.0148375,0.03205,0,0,0.106535417,0,0,0.001,8.03175,91.375,0.942
08-11-2013 14:00,2.038697105,0.037017817,0.013347439,0.069583519,0,0,0.833242762,0,0,0.001,7.422,91.325,0.8915
08-11-2013 15:00,0.620584071,0.036340708,0.013300885,0.028336283,0,0,0,0,0.013721239,0.001,6.72175,91.325,1.055
08-11-2013 16:00,0.535159041,0.01128976,0.013464052,0.026888889,0.000418301,0,0,0,0.031198257,0.001,6.19,93.15,0.38125
08-11-2013 17:00,0.630431507,0.043061644,0.013226027,0.059792237,0,0,0,0,0.019221461,0.001,6.2635,94.075,0.46675
08-11-2013 18:00,1.83084507,0.000439437,0.015577465,0.033577465,0,0,0,0,0,0.001,6.26375,94.525,0.89725
08-11-2013 19:00,0.775904977,0.052565611,0.01228733,0.031355204,0,0,0,0,0,0.001,6.097,94.3,1.3295
08-11-2013 20:00,0.679409611,0.000199085,0.013372998,0.046661327,0,0,0,0,0,0.001,5.95275,93.175,1.73425
08-11-2013 21:00,0.631703271,0.041530374,0.014658879,0.071488318,0,0,0,0,0,0.001,5.72275,91.925,2.02775
08-11-2013 22:00,0.579651765,0,0.012536471,0.063258824,0,0,0,0,0.010734118,0.001,5.44325,90.875,2.034
08-11-2013 23:00,0.428078818,0.040027094,0.011697044,0.027763547,0,0,0,0,0.01370936,0.001,5.10725,90.525,1.82125
09-11-2013 00:00,0.192090909,0,0.012827751,0.020913876,0,0,0,0,0,0.001,4.758,90.65,1.46075
09-11-2013 01:00,0.202109415,0.028900763,0.011603053,0.030849873,0,0,0,0,0,0.001,4.73025,89.75,1.56025
09-11-2013 02:00,0.193576923,0.011522624,0.006723982,0.03419457,0,0,0,0,0,0.001,4.51775,89.725,1.6415
09-11-2013 03:00,0.191058696,0,0.006780435,0.032036957,0,0,0,0,0.001295652,0.001,4.3705,88.85,1.624
09-11-2013 04:00,0.208412442,0.038751152,0.01359447,0.030963134,0,0,0,0,0,0.001,3.91025,89.725,1.14725
09-11-2013 05:00,0.192409639,0,0.013146988,0.021342169,0,0,0,0,0,0.001,3.82925,88.625,1.4265
09-11-2013 06:00,0.199259434,0.010120283,0.013393868,0.016514151,0,0,0,0,0,0.001,3.63,88.825,1.185
09-11-2013 07:00,0.602015625,0.031375,0.012473214,0.018310268,0,0,0,0,0,0.001,3.6665,89.45,0.8175
09-11-2013 08:00,3.364724299,0.00025,0.014649533,0.027079439,0,0,0,0,0,0.526245327,4.36575,89.375,0.8895
09-11-2013 09:00,1.589918142,0.04024115,0.013754425,0.027707965,0,0,0,0,0,0.975097345,5.7245,86.7,1.026
09-11-2013 10:00,2.100916364,0,0.008774545,0.021261818,0,0,0.890658182,0,0,0.834316364,6.523,86.325,1.16525
09-11-2013 11:00,0.401339506,0.032157407,0.007040123,0.019407407,0,0,0,0,0,0.205762346,6.85125,84.15,1.63675
09-11-2013 12:00,0.301159204,0,0.012308458,0.025853234,0,0,0,0,0,0.001,7.24675,81.13,1.39125
09-11-2013 13:00,0.774655257,0.021909535,0.012533007,0.019821516,0,0,0,0,0,0.001,7.85975,79.3675,1.33025
09-11-2013 14:00,1.025949367,0.014643038,0.012860759,0.019344304,0,0,0,0,0,0.001,7.72025,80.885,1.2265
09-11-2013 15:00,0.293680307,0,0.013805627,0.017608696,0,0,0,0,0,0.001,6.81125,84.225,0.78025
09-11-2013 16:00,0.827508516,0.043245742,0.012145985,0.026992701,0,0,0,0,0.020034063,0.000992701,5.5365,88.25,0.634
09-11-2013 17:00,0.59010396,0,0.01265099,0.030544554,0,0,0,0,0.031945545,0.001,5.40075,88.85,1.0485
09-11-2013 18:00,1.400217703,0.0414689,0.013093301,0.029691388,0,0,0,0,0.022590909,0.000995215,5.1185,90.375,0.729
09-11-2013 19:00,0.573103896,0,0.012517316,0.027558442,0,0,0,0,0,0.001,5.25,89.95,1.0795
09-11-2013 20:00,0.581943463,0.011362191,0.009952297,0.029217314,0,0,0,0,0,0.001,5.59875,88.825,1.37625
09-11-2013 21:00,0.922059471,0.025030837,0.011442731,0.034011013,0,0,0,0.009651982,0.009949339,0.001140969,5.8425,87.9,1.32675
09-11-2013 22:00,0.602585664,0.000195804,0.009996503,0.021194056,0,0,0,0.020325175,0.027036713,0.001,5.97375,88.2,1.81775
09-11-2013 23:00,0.28656042,0.03874606,0.012945709,0.029049037,0,0,0,0,0,0.001,5.644,89.775,1.44375
10-11-2013 00:00,0.42767619,0,0.014205714,0.033594286,0,0,0,0,0.013426667,0.235794286,5.33825,89.375,1.66425
10-11-2013 01:00,1.305069959,0.032946502,0.012388889,0.031123457,0,0,0,0,0.014255144,1.0061893,5.019,89.85,1.42875
10-11-2013 02:00,1.417126609,0.007740343,0.013980687,0.029188841,0,0,0,0,0,1.006343348,4.7575,90.225,2.00025
10-11-2013 03:00,1.367278351,0,0.013536082,0.016558763,0,0,0,0,0.00136701,1.01271134,4.047,91.575,1.42825
10-11-2013 04:00,1.394354167,0.039995833,0.013754167,0.013341667,0,0,0,0,0,1.00421875,3.5485,92.15,1.47025
10-11-2013 05:00,1.38180625,0,0.013166667,0.029610417,0,0,0,0,0,0.992960417,3.7415,89.775,2.009
10-11-2013 06:00,1.445326316,0.002751579,0.012665263,0.02824,0,0,0,0,0,0.718471579,3.44125,90.325,1.6345
10-11-2013 07:00,1.644682836,0.036488806,0.011205224,0.030951493,0,0,0,0,0.023785448,0.001,3.2515,89.5,1.554
10-11-2013 08:00,1.40620354,0.000232301,0.013473451,0.013165929,0,0,0,0,0.03309292,0.018360619,3.52175,87.45,1.265
10-11-2013 09:00,1.433,0.003043478,0,0.012086957,0,0,0.002913043,0,0,0.961173913,4.86725,81.3375,1.8275
10-11-2013 10:00,2.597131068,0.00023301,0.011509709,0.021660194,0,0,0.311665049,0,0,0.870873786,6.26775,73.5625,2.54
10-11-2013 11:00,1.205,0.062897297,0.022810811,0.016254054,0,0,0,0,0,0.458659459,7.529,69.0425,2.20725
10-11-2013 12:00,1.024521084,0.000253012,0.014289157,0.030587349,0,0,0,0,0,0.333665663,8.475,63.935,2.235
10-11-2013 13:00,1.771443089,0.023243902,0.009365854,0.068760163,0,0.019166667,0,0,0,0.201292683,9.1875,60.435,1.96975
10-11-2013 14:00,1.043893238,0.007907473,0.021241993,0.063024911,0,0.107708185,0,0,0,0.027017794,9.0125,64.0025,2.0405
10-11-2013 15:00,0.554687366,0.015678801,0.012959315,0.027907923,0,0,0.019438972,0.014991435,0,0.001,8.475,67.8425,1.436
10-11-2013 16:00,0.450564211,0.021225263,0.012762105,0.020734737,0,0,0,0.023692632,0,0.000991579,6.702,77.3525,0.5815
10-11-2013 17:00,0.494975186,0,0.012645161,0.023136476,0,0,0,0,0.008012407,0.000995037,4.66975,85.25,0.48775
10-11-2013 18:00,0.622906863,0.042490196,0.013428922,0.020512255,0,0,0,0,0.019144608,0.001,3.89825,87.2,0.481
10-11-2013 19:00,0.587783333,0.0004,0.00958125,0.029595833,0,0,0,0.02044375,0.02325625,0.001,3.53175,88.9,0.51975
10-11-2013 20:00,0.566782222,0.036915556,0.00848,0.029206667,0,0,0,0.00072,0.032148889,0.001,3.32275,90.225,0.42625
10-11-2013 21:00,0.59253866,0,0.012930412,0.030497423,0,0,0,0,0.035832474,0.001,2.98425,90.7,0.75875
10-11-2013 22:00,0.732230769,0.038879418,0.011155925,0.033823285,0,0,0,0,0.031555094,0.001,4.39225,86.55,0.5205
10-11-2013 23:00,0.228378453,0.005127072,0.01328453,0.02859116,0,0,0,0,0,0.001,5.27825,82.225,0.60275
11-11-2013 00:00,0.947351282,0,0.012592308,0.026958974,0,0,0,0,0,0.793092308,5.59525,79.4875,0.94425
11-11-2013 01:00,1.345493797,0.037545906,0.013724566,0.019459057,0,0,0,0,0.009955335,1.00016129,4.73975,85.025,1.08625
11-11-2013 02:00,1.402020672,0,0.012550388,0.019142119,0,0,0,0,0,1.001790698,5.19075,82.9375,1.03975
11-11-2013 03:00,1.370815385,0.0277,0.013033333,0.018441026,0,0,0,0,0.001464103,1.002397436,6.30625,79.98,1.347
11-11-2013 04:00,1.382045752,0.009453159,0.01145098,0.032383442,0,0,0,0,0,0.986065359,6.58025,86.5,1.492
11-11-2013 05:00,1.3441725,0,0.012775,0.0278975,0,0,0,0,0,0.9795225,6.90075,89.025,1.72025
11-11-2013 06:00,0.844835714,0.03895,0.02085,0.014967857,0,0,0,0,0,0.340596429,7.502,89.9,1.76175
11-11-2013 07:00,0.605765172,0.000353562,0.012815303,0.027949868,0,0,0,0,0,0.001,7.87675,93.3,1.63275
11-11-2013 08:00,0.33656168,0.016979003,0.013115486,0.027805774,0,0,0,0,0,0.001,8.59,93.65,1.659
11-11-2013 09:00,0.23132337,0.02530163,0.012866848,0.026641304,0,0,0,0,0,0.001,9.3525,93.625,1.69975
11-11-2013 10:00,0.248628242,0,0.013115274,0.015512968,0,0,0,0,0,0.001,10.0975,93.8,1.39825
11-11-2013 11:00,0.210294574,0.052655039,0.016658915,0.010333333,0,0,0,0,0,0.001,10.605,93.8,1.3415
11-11-2013 12:00,0.522153439,0,0.012412698,0.024227513,0,0,0,0,0,0.001,11.38,93.95,1.136
11-11-2013 13:00,0.278374684,0,0.014088608,0.026992405,0,0,0,0,0,0.001,12.815,92.6,1.12075
11-11-2013 14:00,0.372525745,0.039409214,0.005449864,0.024796748,0,0,0,0,0,0.001,13.4225,92.275,1.1345
11-11-2013 15:00,0.4549375,0,0.0135875,0.0284475,0,0,0,0,0,0.001,13.6175,93.1,0.8725
11-11-2013 16:00,0.554505128,0.042430769,0.00965641,0.041335897,0,0,0,0,0,0.001,13.7775,93.05,0.70175
11-11-2013 17:00,0.626041026,0.012564103,0.014630769,0.070712821,0,0,0,0,0,0.001,13.795,93.125,0.66075
11-11-2013 18:00,0.567273657,0.01601023,0.020120205,0.02912532,0,0,0,0,0,0.001,13.9825,93.275,0.927
11-11-2013 19:00,0.91978329,0.022584856,0.018015666,0.035686684,0,0,0,0,0,0.001,13.74,94.125,0.69725
11-11-2013 20:00,0.623398496,0.042669173,0.016042607,0.052746867,0,0,0,0.01564411,0.026401003,0.001,13.65,95.05,0.765
11-11-2013 21:00,0.583403893,0.000126521,0.013958637,0.039311436,0,0,0,0.003121655,0.030282238,0.001,12.7475,96.075,1.34075
11-11-2013 22:00,0.68291687,0.036919315,0.01507335,0.028415648,0,0,0,0,0.032105134,0.001625917,12.3375,96.375,0.939
11-11-2013 23:00,0.530466334,0,0.014321696,0.028713217,0,0,0,0,0.025927681,0.001,11.9775,96.375,1.489
12-11-2013 00:00,1.032384211,0.035894737,0.015173684,0.033244737,0,5.26E-06,0,0,0.011573684,0.815463158,10.8375,96.15,1.89675
12-11-2013 01:00,1.235854722,0.002387409,0.020099274,0.040854722,0,0,0,0,0.016951574,0.995024213,10.0325,96.225,1.031
12-11-2013 02:00,1.244220379,0.00813981,0.019523697,0.037336493,0,0,0,0,0,0.961336493,9.8475,95.175,1.0435
12-11-2013 03:00,1.237125561,0.0287287,0.01238565,0.032782511,0,0,0,0,0.001349776,0.856914798,9.6925,95.175,1.075
12-11-2013 04:00,1.108741706,0,0.01235782,0.025867299,0,0,0,0,0,0.806964455,9.6425,95.125,0.99975
12-11-2013 05:00,2.227591429,0.038791429,0.014731429,0.022951429,0,0.001882857,0.927617143,0,0,0.825222857,9.58,94.125,1.1085
12-11-2013 06:00,0.877871233,0,0.013972603,0.025712329,0,0.326594521,0,0,0,0.176224658,9.39,93.55,1.27725
12-11-2013 07:00,0.452489418,0.041753968,0.016055556,0.022828042,0,2.65E-06,0,0,0,0.001,8.965,93.4,1.5325
12-11-2013 08:00,0.340994444,0.000747222,0.017969444,0.024719444,0,0,0,0,0,0.001,8.9625,93.05,1.4625
12-11-2013 09:00,0.487503704,0.022607407,0.015311111,0.0132,0,0,0,0,0,0.001,9.5325,91.2,1.648
12-11-2013 10:00,1.138181579,0.008018421,0.016181579,0.021715789,0,0,0,0,0,0.001,10.425,86.275,2.40775
12-11-2013 11:00,0.564459239,0,0.011402174,0.021774457,0,0.045527174,0,0.025570652,0,0.001,11.1225,81.735,2.5005
12-11-2013 12:00,0.998589474,0.039423684,0.013052632,0.028276316,0,0,0,0.019594737,0,0.001,11.6925,74.86,2.7055
12-11-2013 13:00,1.370579946,9.76E-05,0.018338753,0.014577236,0,0,0,0,0.001279133,0.001,11.8,61.575,3.06375
12-11-2013 14:00,0.886979849,0.039539043,0.017627204,0.025612091,0,0,0,0,0,0.001,10.835,71.15,2.45825
12-11-2013 15:00,0.261578406,0,0.013113111,0.027156812,0,0,0,0,0.000460154,0.001,9.73,77.475,1.5765
12-11-2013 16:00,0.346429594,0.032625298,0.012369928,0.021272076,0,0,0,0,0.020362768,0.001,8.8025,78.4,1.4305
12-11-2013 17:00,0.454159722,0.000337963,0.011733796,0.023050926,0,0,0,0,0.030574074,0.00099537,8,79.9025,1.39525
12-11-2013 18:00,0.578170172,0.032629063,0.014806883,0.028455067,0,0,0,0,0.018535373,0.001,7.57375,80.2,1.89575
12-11-2013 19:00,0.539948113,0,0.013872642,0.028341981,0,0,0,0,0,0.001,7.11575,83.125,1.6765
12-11-2013 20:00,0.554633971,0.015523923,0.012351675,0.026741627,0,0,0,0,0,0.001,7.0315,83.8,1.82925
12-11-2013 21:00,0.559983683,0.02472028,0.012981352,0.026855478,0,0,0,0,0,0.001,6.95675,82.7,2.10625
12-11-2013 22:00,0.543385514,0,0.012672897,0.027640187,0,0,0,0,0,0.000995327,6.76475,81.55,1.9385
12-11-2013 23:00,1.140444191,0.037164009,0.013457859,0.027899772,0,0,0,0,0.012535308,0.001,6.35375,82.1,2.096
13-11-2013 00:00,0.98963658,0,0.012928741,0.025114014,0,0,0,0,0.004140143,0.80083848,5.97875,83.1,1.55775
13-11-2013 01:00,1.343914414,0.028189189,0.013063063,0.026855856,0,0,0,0,0.011101351,1.017346847,5.60125,84.25,1.47525
13-11-2013 02:00,1.397242826,0.009664459,0.013377483,0.023121413,0,0,0,0,0,1.002,5.2605,85.075,1.1875
13-11-2013 03:00,1.366859307,0,0.01319697,0.022495671,0,0,0,0,0.001458874,0.983069264,4.71725,87.3,0.72575
13-11-2013 04:00,1.41436,0.037375556,0.013042222,0.0213,0,0,0,0,0,0.981393333,4.31,89.1,0.63925
13-11-2013 05:00,1.352438753,0,0.012979955,0.02186637,0,0,0,0,0,0.984113586,4.50275,88.225,0.87725
13-11-2013 06:00,0.659506579,0.007640351,0.013973684,0.020210526,0,0,0,0,0,0.192192982,3.0325,91.85,0.5745
13-11-2013 07:00,0.526677704,0.038467991,0.012205298,0.038701987,0,0,0,0,0,0.001,1.7155,94.275,0.64725
13-11-2013 08:00,0.503084091,0.000390909,0.010118182,0.022229545,0,0,0,0,0,0.001,1.66975,94.775,0.54425
13-11-2013 09:00,0.470485714,0.037121429,0.009821429,0.022114286,0,0,0,0,0,0.001,4.90325,87.55,0.93775
13-11-2013 10:00,0.369482843,0,0.009830882,0.021968137,0,0,0,0,0,0.001,7.81125,78.8975,0.9965
13-11-2013 11:00,0.826149682,0.001958599,0.014770701,0.027627389,0.002340764,0.023474522,0,0,0,0.001,8.2005,78.205,0.93325
13-11-2013 12:00,0.965613003,0.022352941,0.009489164,0.010739938,0,0.066860681,0,0,0,0.001,8.47,78.2975,1.0765
13-11-2013 13:00,1.147715835,0,0.018065076,0.023156182,0,0,0,0,0,0.001,9.915,72.4575,1.58
13-11-2013 14:00,0.536523404,0.023655319,0.014253191,0.029940426,0,0,0,0,0.026059574,0.001,9.6475,71.1825,1.383
13-11-2013 15:00,0.297899225,0.009573643,0.014627907,0.026788114,0,0,0,0.025229974,0.029909561,0.001,8.7,76.31,0.95575
13-11-2013 16:00,0.353068047,0.017609467,0.009784024,0.034044379,0,0,0,0.000523669,0.033751479,0.001,8.1025,80.945,1.00625
13-11-2013 17:00,0.596371658,0.013647059,0.008548128,0.032604278,0,0,0,0,0.019687166,0.001,8.04775,82.25,1.1025
13-11-2013 18:00,0.514244845,0,0.007309278,0.028036082,0,0,0,0,0,0.001,7.873,82.65,1.126
13-11-2013 19:00,1.159702564,0.043410256,0.015876923,0.029546154,0,0,0,0,0,0.001,7.749,82.125,1.13025
13-11-2013 20:00,0.558333333,0.000298429,0.010366492,0.027984293,0,0,0,0.007855148,0.010307155,0.001,7.69125,82.6,1.329
13-11-2013 21:00,0.596597137,0.040296524,0.01191002,0.023276074,0,0,0,0.017621677,0.032108384,0.001,7.4845,86.55,1.4675
13-11-2013 22:00,0.737995215,0,0.010858852,0.028069378,0,0,0,0.000533493,0.031181818,0.000995215,7.533,85.925,1.646
13-11-2013 23:00,0.304951574,0.034905569,0.010736077,0.026246973,0,0,0,0,0,0.001,7.80425,87.4,2.06
14-11-2013 00:00,0.940633333,0,0.010464286,0.025569048,0,0,0,0,0,0.793421429,7.60375,89.95,1.89
14-11-2013 01:00,1.297444712,0.018949519,0.012704327,0.023430288,0,0,0,0,0,1.009625,7.888,89.675,1.85225
14-11-2013 02:00,1.388454988,0.017381995,0.008486618,0.020768856,0,0,0,0,0,1.007783455,8.2115,89.95,2.0835
14-11-2013 03:00,1.339331019,0,0.013886574,0.021988426,0,0,0,0,0.001439815,0.990481481,8.3275,84.825,3.018
14-11-2013 04:00,1.364353919,0.03708076,0.013133017,0.020980998,0,0,0,0,0,0.985541568,8.2025,83.225,3.26675
14-11-2013 05:00,1.41106846,0,0.014652812,0.103909535,0,0,0,0,0,0.984733496,7.9985,81.895,3.1965
14-11-2013 06:00,0.650693925,0.008299065,0.013901869,0.032957944,0,0,0,0,0,0.21182243,7.93125,78.26,3.03525
14-11-2013 07:00,0.795159494,0.035268354,0.013921519,0.026762025,0,0,0,0,0,0.000994937,8.00675,77.27,3.13725
14-11-2013 08:00,2.331566138,0.00044709,0.005373016,0.035346561,0,0,0,0,0.001592593,0.001,7.86025,77.975,3.874
14-11-2013 09:00,0.641223108,0.049585657,0.012623506,0.028412351,0,0,0,0,0,0.001,7.682,76.9875,3.729
14-11-2013 10:00,0.753438596,0.017784461,0.019295739,0.036654135,0,0,0,0,0,0.001,7.888,75.7575,3.53775
14-11-2013 11:00,0.909761658,0.034777202,0.014031088,0.026411917,0,0,0,0,0,0.001,8.54,72.4225,4.515
14-11-2013 12:00,1.304910798,0,0.021389671,0.037305164,0,0.018962441,0.01628169,0,0,0.001,8.9325,70.58,4.08175
14-11-2013 13:00,1.093015504,0.035069767,0.015098191,0.028609819,0,0.032459948,0,0,0.011718346,0.001,9.55,61.62,4.122
14-11-2013 14:00,0.868911111,0.018936111,0.014175,0.026569444,0,0,0,0,0.027613889,0.001,9.325,62.6725,3.7385
14-11-2013 15:00,0.427512987,0,0.015560606,0.033084416,0,0,0,0,0.021448052,0.000995671,8.68,65.43,3.19975
14-11-2013 16:00,0.445896694,0.045609504,0.012390496,0.020039256,0,0,0,0,0.020390496,0.001,7.4725,73.28,2.2535
14-11-2013 17:00,0.493817647,0,0.016061765,0.012517647,0,0,0,0,0,0.000991176,6.44125,79.2775,2.0575
14-11-2013 18:00,1.868980609,0.051806094,0.015781163,0.03900831,0.011700831,0,0,0,0.021609418,0.001,5.8385,80.38,1.8965
14-11-2013 19:00,0.789535433,0.000223097,0.014372703,0.027057743,0,0,0,0.015338583,0,0.001,5.6155,79.2725,1.54325
14-11-2013 20:00,0.600963883,0.038182844,0.015083521,0.024988713,0,0,0,0.017336343,0.032959368,0.001,5.46125,77.405,1.534
14-11-2013 21:00,0.564788913,0,0.013134328,0.027138593,0,0,0,0,0.030656716,0.001,4.9675,78.06,1.668
14-11-2013 22:00,0.712990783,0.037564516,0.011308756,0.025841014,0,0,0,0.02421659,0.031391705,0.001,4.35775,79.6775,1.4835
14-11-2013 23:00,0.314646789,0,0.009208716,0.026261468,0,0,0,0.002087156,0.004759174,0.001,3.98775,80.0525,1.59325
15-11-2013 00:00,1.016930952,0.023859524,0.008392857,0.025228571,0,0,0,0,0.005857143,0.850688095,3.6385,80.065,1.6185
15-11-2013 01:00,1.271646192,0.012712531,0.009805897,0.023685504,0,0,0,0,0.014179361,1.022796069,3.3505,80.2025,1.39425
15-11-2013 02:00,1.445988263,0,0.013122066,0.024159624,0,0,0,0,0,1.019183099,3.083,80.5975,1.40375
15-11-2013 03:00,1.364239726,0.036570776,0.013922374,0.022,0,0,0,0,0.001557078,0.994936073,3.01975,80.3,1.2735
15-11-2013 04:00,1.366731771,0,0.013236979,0.023505208,0,0,0,0,0,0.979276042,2.86425,80.01,1.18025
15-11-2013 05:00,1.38519759,0.021662651,0.01386747,0.022662651,0,0,0,0,0,0.989677108,2.7605,79.8,1.1885
15-11-2013 06:00,0.729007653,0.013946429,0.013206633,0.020316327,0.013061224,0,0,0,0,0.18397449,2.19875,82.15,0.653
15-11-2013 07:00,0.545609148,0.000299376,0.01527027,0.021802495,0.012773389,0,0,0,0,0.001,2.22975,82.25,0.7465
15-11-2013 08:00,0.282186594,0.035507246,0.014807971,0.033233696,0,0,0,0,0,0.001,2.935,79.3825,0.9555
15-11-2013 09:00,1.350849153,6.10E-05,0.013530508,0.028355932,0,0.001977966,0,0,0,0.001,4.51625,74.625,1.048
15-11-2013 10:00,1.192642066,0.006682657,0.031704797,0.039712177,0,0.08303321,0,0,0,0.207199262,6.3125,68.525,1.23575
15-11-2013 11:00,1.276333333,0.004960145,0,0.025384058,0,0,0,0,0,0.208826087,7.4815,68.93,1.00275
15-11-2013 12:00,0.445798198,0.000345946,0.015001802,0.030720721,0,1.80E-06,0,0,0,0.001,8.265,69.8325,1.2405
15-11-2013 13:00,0.254207746,0.012200704,0.01518662,0.028380282,0,0,0,0,0,0.001,8.4325,73.2075,1.3215
15-11-2013 14:00,0.261921273,0,0.014457286,0.027730318,0,0,0.020077052,0,0,0.001,8.4275,78.7575,1.37025
15-11-2013 15:00,0.412901861,0.036416244,0.014087986,0.028624365,0,0,0,0,0,0.001,8.4475,80.0175,0.971
15-11-2013 16:00,0.453589916,0.015571429,0.013709244,0.028109244,0,0,0,0,0,0.001,6.962,85.625,0.663
15-11-2013 17:00,0.578451777,0.029771574,0.013961083,0.027639594,0,0,0,0,0.029028765,0.001,6.55375,86.625,0.85575
15-11-2013 18:00,1.223101201,0.007708405,0.013754717,0.026301887,0,0,0,0,0.017269297,0.001,7.089,86.375,0.8435
15-11-2013 19:00,1.401951724,0.037724138,0.012839655,0.027956897,0,0,0,0,0,0.001,8.0785,84.7,1.26375
15-11-2013 20:00,0.546102694,0.000131313,0.01386532,0.033555556,0,0,0,0,0.030867003,0.001,8.42,85.3,1.2545
15-11-2013 21:00,0.691042088,0.038306397,0.013316498,0.031257576,0,0,0,0.007792929,0.032141414,0.001,8.575,86.125,1.72
15-11-2013 22:00,0.607880068,0.000141892,0.014089527,0.030258446,0,0,0,0.014831081,0.032486486,0.001,8.6775,87.6,1.4395
15-11-2013 23:00,0.400876501,0.037667238,0.01354717,0.029078902,0,0,0,0,0.015728988,0.001,8.825,87.525,1.29
16-11-2013 00:00,0.948108621,0,0.013262069,0.027184483,0,0,0,0,0,0.782158621,8.63,89.8,1.40325
16-11-2013 01:00,1.322418685,0.023235294,0.013695502,0.0213391,0,0,0,0,0,0.986039792,8.475,91.1,1.728
16-11-2013 02:00,1.360186757,0.013651952,0.014003396,0.020755518,0,0,0,0,0.019079796,0.99298472,8.5425,90.65,2.02325
16-11-2013 03:00,1.318363328,0,0.013862479,0.020018676,0,0,0,0,0.002266553,0.992578947,8.4175,91.125,1.617
16-11-2013 04:00,2.229246101,0.036589255,0.013958406,0.021904679,0,0,0.812495667,0,0,0.994206239,8.305,90.775,1.46175
16-11-2013 05:00,1.444217317,0,0.013682513,0.027288625,0,0,0.146458404,0,0,0.985298812,7.93375,91.55,1.381
16-11-2013 06:00,0.578828231,0.029457483,0.013913265,0.027522109,0,0,0,0,0,0.193532313,7.6285,92.575,1.33525
16-11-2013 07:00,0.613071066,0.008328257,0.01420643,0.02720643,0.212876481,0,0,0,0,0.001,7.696,91.85,1.081
16-11-2013 08:00,0.27883871,0.000127334,0.014088285,0.027775891,0,0,0,0.012901528,0,0.001,8.1215,90.825,1.405
16-11-2013 09:00,0.30666893,0.042950764,0.014349745,0.028066214,0,0,0,0,0,0.000994907,8.9125,88.875,1.82725
16-11-2013 10:00,0.766738372,0.00280814,0.010591085,0.022773256,0,0,0,0,0,0.001,9.365,88.575,1.9515
16-11-2013 11:00,0.298013559,0.024342373,0.014225424,0.021738983,0,0,0,0,0,0.001,9.815,87.475,1.82975
16-11-2013 12:00,0.219436364,4.36E-05,0.014918182,0.018501818,0,0,0,0,0,0.001,10.3225,83.045,2.1745
16-11-2013 13:00,0.324069815,0.022156057,0.017774127,0.011367556,0,0,0,0,0,0.001,10.365,77.9075,2.50825
16-11-2013 14:00,0.252045378,0.000786555,0.014689076,0.021517647,0,0,0,0,0,0.001,10.37,79.375,2.1755
16-11-2013 15:00,0.407259322,0.038242373,0.014040678,0.028979661,0,0,0,0,0,0.001,10.215,76.0275,2.41825
16-11-2013 16:00,0.720366269,0.000144804,0.014057922,0.029083475,0,0,0,0.006787053,0,0.001,10.0975,76.6075,1.88975
16-11-2013 17:00,1.333482173,0.037721562,0.014083192,0.029105263,0,0,0,0.007735144,0,0.001,9.98,77.4775,1.75625
16-11-2013 18:00,0.566124573,0.000209898,0.013709898,0.029969283,0,0,0,0,0,0.001,9.9225,78.785,1.7165
16-11-2013 19:00,0.605069272,0.033651865,0.012291297,0.030737123,0,0,0,0,0,0.001,9.865,79.48,1.233
16-11-2013 20:00,0.576790948,0.002519397,0.021530172,0.023672414,0,0,0,0,0,0.001,9.685,80.4275,1.09325
16-11-2013 21:00,0.806159593,0.013952462,0.013616299,0.029366723,0,0,0,0,0,0.001,8.293,84.025,0.9165
16-11-2013 22:00,0.599077572,0.026025295,0.013273187,0.029711636,0,0,0,0,0,0.001,8.19675,83.6,1.51825
16-11-2013 23:00,0.328875639,0,0.013563884,0.027388416,0,0,0,0,0,0.001,8.1895,84.125,1.71075
17-11-2013 00:00,0.959204188,0.037801047,0.013469459,0.02095637,0,0,0,0,0,0.515499127,7.7025,86.525,1.39625
17-11-2013 01:00,1.267538593,3.77E-05,0.013241852,0.019708405,0,0,0,0,0.03042024,0.9937753,7.76875,88.85,1.21925
17-11-2013 02:00,1.368102389,0.022194539,0.012897611,0.019203072,0,0,0,0,0,0.99831058,6.588,92.425,0.46125
17-11-2013 03:00,1.376515571,0.015205882,0.012278547,0.02816955,0,0,0,0,0.001475779,0.991745675,5.9805,94.35,0.228
17-11-2013 04:00,1.321180556,0.000333333,0.013730903,0.027425347,0,0,0,0,0,0.999767361,7.225,93.425,0.26625
17-11-2013 05:00,1.526140845,0.040082746,0.013859155,0.028512324,0,0,0,0,0,0.995086268,7.1875,93.2,0.23875
17-11-2013 06:00,0.668701031,0,0.014273196,0.028139175,0,0,0,0,0,0.215756014,7.538,93.525,0.42825
17-11-2013 07:00,0.301564322,0.0015506,0.0144494,0.028927959,0,0,0,0,0,0.001,7.7555,94.1,0.49625
17-11-2013 08:00,0.270036207,0.036401724,0.013298276,0.020410345,0,0,0,0,0.029581034,0.001,8.0645,94,0.5425
17-11-2013 09:00,0.603008375,0.000361809,0.013760469,0.017360134,0,0,0,0,0.009470687,0.001,8.655,92.9,0.3655
17-11-2013 10:00,0.206589565,0.034036522,0.015233043,0.016692174,0,0,0,0,0.002589565,0.001,9.5775,90.825,0.5775
17-11-2013 11:00,0.292606419,0,0.015185811,0.027881757,0,0,0,0,0,0.001,9.9475,89.375,0.5235
17-11-2013 12:00,0.22558516,0.015045531,0.014215852,0.027865093,0,0,0,0,0,0.001,10.6875,87.35,0.573
17-11-2013 13:00,0.220993763,0.027386694,0.010642412,0.034326403,0,0,0,0,0,0.001,11.4125,84.2,0.6205
17-11-2013 14:00,0.457211783,0.000208599,0.01338535,0.027033439,0,0,0,0,0,0.001,10.76,88,0.68925
17-11-2013 15:00,0.664046901,0.041984925,0.014281407,0.028864322,0,0,0,0.01058794,0,0.001,9.965,90.1,0.32625
17-11-2013 16:00,0.632537162,6.08E-05,0.01379223,0.02910473,0,0,0,0.028815878,0,0.001,9.7725,91.15,0.33825
17-11-2013 17:00,1.268123729,0.03690678,0.013755932,0.02890678,0,0,0,0.016072881,0.004027119,0.00099661,9.5925,92.225,0.3605
17-11-2013 18:00,1.583851923,0.008940385,0.015934615,0.044682692,0,0,0,0,0,0.001,9.46,93.1,0.388
17-11-2013 19:00,0.693873122,0.038293823,0.013839733,0.027973289,0,0,0,0.016385643,0.020058431,0.001,9.2625,93.4,0.30025
17-11-2013 20:00,0.588283557,0,0.01360906,0.023954698,0,0,0,0.016083893,0.033275168,0.001,9.0675,92.8,0.19275
17-11-2013 21:00,1.788551167,0.038714542,0.01451526,0.021280072,0,0,0,0.002669659,0.01262298,0.001,8.9225,92.05,0.2505
17-11-2013 22:00,0.579600832,0,0.017178794,0.016164241,0,0,0,0,0.024411642,0.000993763,8.8825,89.575,0.3925
17-11-2013 23:00,0.267743633,0.034988115,0.013806452,0.023134126,0,0,0,0,0.003139219,0.001,8.825,88.65,0.32125
18-11-2013 00:00,1.016702521,0.003319328,0.013694118,0.103435294,0,0,0,0,0,0.794341176,8.625,89.725,0.31425
18-11-2013 01:00,1.251723333,0.01969,0.013606667,0.033983333,0,0,0,0,0,1.012068333,8.415,90.725,0.339
18-11-2013 02:00,1.288328257,0.018707276,0.014128596,0.028878173,0,0,0,0,0,0.959182741,8.2825,91,0.33325
18-11-2013 03:00,1.200631304,0,0.014026087,0.028253913,0,0,0,0,0.001533913,0.878965217,8.28,90.15,0.57925
18-11-2013 04:00,1.200805461,0.037537543,0.014546075,0.026697952,0,0,0,0,0,0.844703072,8.3,89.375,0.71975
18-11-2013 05:00,1.135789384,0,0.014015411,0.026065068,0,0,0,0,0,0.833244863,7.76425,91.4,0.3095
18-11-2013 06:00,0.535976311,0.031167513,0.014153976,0.026216582,0,0,0,0,0,0.175473773,6.875,93.775,0.33225
18-11-2013 07:00,0.527085,0.00684,0.013921667,0.026091667,0,0,0,0,0,0.001,6.35175,94.775,0.2875
18-11-2013 08:00,0.342416206,0.02647698,0.015110497,0.024418048,0,0,0,0,0.001305709,0.001,7.3455,92.625,0.4695
18-11-2013 09:00,0.263141667,0.007878333,0.013986667,0.026335,0,0,0,0,0,0.001,8.1575,91.025,0.83475
18-11-2013 10:00,0.297268333,0,0.014066667,0.026123333,0,0,0,0,0,0.001,8.6125,89.875,0.835
18-11-2013 11:00,0.212694853,0.040321691,0.015534926,0.027082721,0,0,0,0,0,0.001,8.7875,89.9,0.91025
18-11-2013 12:00,0.269654237,4.07E-05,0.016811864,0.026172881,0,0,0,0,0,0.001,8.82,93.225,1.174
18-11-2013 13:00,0.355897306,0.033016835,0.016547138,0.02616835,0,0,0,0,0.007250842,0.001,9.0125,91.55,1.90275
18-11-2013 14:00,0.293831858,0.005706195,0.01699646,0.025823009,0,0,0,0,0.019667257,0.001,8.73,88.75,2.493
18-11-2013 15:00,0.317589744,0,0.014444444,0.027073504,0,0,0,0,0,0.001,7.821,91.3,1.9015
18-11-2013 16:00,0.622819376,0.039582923,0.0151133,0.026029557,0,0,0,0,0,0.001,7.593,90.725,2.018
18-11-2013 17:00,0.998370722,0,0.017304183,0.016062738,0,0,0,0,0,0.001,7.33275,90.425,1.41375
18-11-2013 18:00,0.554208413,0.03334608,0.01416826,0.020112811,0,0,0,0,0.032694073,0.001,7.4095,88,1.95
18-11-2013 19:00,0.537273333,0.00374,0.013046667,0.027095,0,0,0,0,0.027515,0.001,7.125,86.225,1.94225
18-11-2013 20:00,0.595943333,0.037125,0.014368333,0.041058333,0,0,0,0.01888,0,0.002493333,6.459,86.775,1.721
18-11-2013 21:00,0.598682456,0,0.012557895,0.038519298,0,1.75E-06,0,0.014819298,0.030729825,0.001,5.702,87.4,1.70675
18-11-2013 22:00,0.749020548,0.038962329,0.012116438,0.040428082,0,1.71E-06,0,0.000895548,0.032988014,0.001,4.7415,84.1,2.02225
18-11-2013 23:00,0.530518333,0,0.011275,0.029465,0,3.33E-06,0,0.004188333,0.025765,0.001,4.0855,86.475,1.787
19-11-2013 00:00,0.972186667,0.017295,0.009788333,0.017448333,0,0,0,0,0,0.74149,3.47625,89.15,1.65425
19-11-2013 01:00,1.287654882,0.020223906,0.011461279,0.023649832,0,0,0,0,0,1.013072391,3.2335,90.275,2.07075
19-11-2013 02:00,1.386809847,0,0.012882852,0.03226146,0,0,0,0,0,1.014,3.093,89.8,2.0335
19-11-2013 03:00,1.383675815,0.036392796,0.012576329,0.03319211,0,0,0,0,0.00148542,1.014,2.64075,90.275,1.677
19-11-2013 04:00,1.394091667,0,0.013503333,0.027211667,0,0,0,0,0,1.014,2.50125,89.8,2.12325
19-11-2013 05:00,2.310276817,0.013961938,0.013922145,0.014951557,0,0,0.841247405,0,0,1.014,2.473,90.05,2.26925
19-11-2013 06:00,1.023984183,0.023465729,0.014685413,0.022620387,0,0.241513181,0.107885764,0,0,0.20573638,2.26775,90.525,1.86325
19-11-2013 07:00,0.558140468,6.02E-05,0.013889632,0.031650502,0,0.03623913,0,0,0.012408027,0.001,1.89175,91.425,1.601
19-11-2013 08:00,0.447088517,0.047397129,0.011009569,0.018069378,0,0,0,0.001507177,0,0.001,1.541,91.5,1.7375
19-11-2013 09:00,1.537819231,0.001284615,0.015223077,0.030523077,0,0,0,0.006471154,0,0.000955769,2.236,87.55,2.02425
19-11-2013 10:00,1.10506,0.014896667,0.013365,0.015983333,0,0,0,0,0,0.001,3.22,81.3225,2.28875
19-11-2013 11:00,1.330933333,0.022573333,0.013396667,0.02324,0,0,0,0,0,0.001,4.06475,77.2025,2.5025
19-11-2013 12:00,1.429862524,0,0.010928437,0.039054614,0.000602637,0.022702448,0,0,0,0.001,4.867,66.1625,2.42225
19-11-2013 13:00,1.293447099,0.036503413,0.013460751,0.032401024,0,0.032863481,0,0,0,0.001,5.41,58.365,2.1455
19-11-2013 14:00,1.043107203,0,0.013043551,0.029934673,0,0,0,0,0,0.001,5.16725,57.62,1.892
19-11-2013 15:00,0.354011725,0.03699665,0.009422111,0.027072027,0,0,0,0,0,0.001,4.23925,62.36,1.772
19-11-2013 16:00,0.21238191,0,0.008093802,0.015892797,0,0,0,0,0,0.001,2.945,69.6225,1.30925
19-11-2013 17:00,0.192849498,0,0.009095318,0.015777592,0,0,0,0,0,0.001,1.855,76.385,1.275
19-11-2013 18:00,0.22514958,0.036904202,0.013105882,0.029381513,0,0,0,0,0,0.001,1.45,76.0475,1.469
19-11-2013 19:00,0.21273854,0,0.013378608,0.029225806,0,0,0,0,0,0.001,1.1215,77.3925,1.56375
19-11-2013 20:00,0.225369048,0.023384354,0.013454082,0.02957483,0,0,0,0,0,0.001,0.72975,79.38,1.46675
19-11-2013 21:00,1.030590832,0.014202037,0.012804754,0.0237691,0,0,0,0,0,0.001,0.6095,78.7475,1.2735
19-11-2013 22:00,0.891090032,0.024392283,0.010916399,0.028157556,0,0,0,0.012337621,0,0.001,0.5775,77.4525,1.094
19-11-2013 23:00,0.537429054,0.023086149,0.007910473,0.020743243,0,0,0,0.013532095,0.006952703,0.001,1.058,80.015,1.7925
20-11-2013 00:00,0.943210169,0,0.012864407,0.030101695,0,0,0,0,0,0.001,2.1205,77.275,1.48725
20-11-2013 01:00,1.320791878,0.036534687,0.013736041,0.030152284,0,0,0,0,0,0.715637902,2.358,76.27,1.62725
20-11-2013 02:00,1.435416388,0,0.013591973,0.029989967,0,0,0,0,0,0.995827759,2.9695,76.355,2.242
20-11-2013 03:00,1.443191597,0,0.013468908,0.0192,0,0,0,0,0.001470588,0.993210084,3.47775,77.655,2.546
20-11-2013 04:00,1.445087102,0.037132328,0.013301508,0.012750419,0,0,0,0,0,0.985355109,3.4835,79.9075,2.392
20-11-2013 05:00,1.406543333,0,0.013731667,0.026296667,0,0,0,0,0,0.97482,3.49525,82.75,1.755
20-11-2013 06:00,0.664641068,0.006741235,0.013300501,0.029368948,0,0,0,0,0,0.203642738,4.03575,86.125,1.8375
20-11-2013 07:00,0.380927731,0.030921008,0.012966387,0.029746218,0,0,0,0,0,0.001,4.6925,89.325,1.737
20-11-2013 08:00,0.267336667,6.00E-05,0.010893333,0.021368333,0,0,0,0,0,0.001,5.92975,89.875,2.3385
20-11-2013 09:00,0.257413735,0.036556114,0.010815745,0.013346734,0,0,0,0,0,0.001,5.281,90.7,3.36125
20-11-2013 10:00,0.273768844,0,0.010340034,0.025286432,1.68E-06,0,0,0,0,0.001,3.49075,90.25,2.56625
20-11-2013 11:00,1.248713568,0.00379062,0.01001005,0.030155779,0,0,0,0,0,0.001,4.98725,84.275,2.823
20-11-2013 12:00,1.34598325,0.034554439,0.014278057,0.03121608,0,0,0,0,0,0.001,6.60625,69.92,4.212
20-11-2013 13:00,1.260634391,0,0.01345576,0.028729549,0,0,0,0,0,0.001,7.109,65.19,3.06375
20-11-2013 14:00,0.276153846,0.033958194,0.013439799,0.017122074,0,0,0,0,0,0.001,6.2305,76.25,3.03575
20-11-2013 15:00,0.259861436,0.004230384,0.013367279,0.018131886,0,0,0,0,0,0.001,4.44925,88.15,2.55275
20-11-2013 16:00,0.244374161,0,0.013380872,0.031486577,0,0,0,0,0,0.001,4.6375,88.6,2.694
20-11-2013 17:00,0.266078464,0.03809182,0.013350584,0.031607679,0,0,0,0,0,0.001,4.848,84.25,2.5695
20-11-2013 18:00,0.237959391,0,0.013798646,0.031945854,0,0,0,0,0,0.001,4.2295,85.55,2.487
20-11-2013 19:00,0.244910774,0.01679798,0.013164983,0.023042088,0,0,0,0,0,0.001,4.3505,84.55,2.62625
20-11-2013 20:00,0.240315,0.02103,0.013621667,0.016768333,0,0,0,0,0,0.001,4.446,85.975,3.2865
20-11-2013 21:00,0.471498333,0.0001,0.01065,0.023395,0,0,0,0,0,0.001,4.0745,87.025,3.377
20-11-2013 22:00,0.60994291,0.033044199,0.008322284,0.020379374,0,0,0,0,0,0.001,3.46175,87.275,3.51425
20-11-2013 23:00,0.571324324,4.05E-05,0.008099662,0.032373311,0,0,0,0.00964527,0,0.001,2.933,88.525,3.4035
21-11-2013 00:00,0.98406599,0.011164129,0.012786802,0.032233503,0,0,0,0,0,0.001,3.331,88.825,2.52525
21-11-2013 01:00,1.303516949,0.026123729,0.013227119,0.019332203,0,0,0,0,0,0.001,3.847,90.075,2.057
21-11-2013 02:00,1.460671103,0,0.016423954,0.010788973,0,0,0,0,0,0.001,4.55675,93.1,1.9665
21-11-2013 03:00,1.413521959,0.036462838,0.013501689,0.029157095,0,0,0,0,0.001452703,0.746251689,5.46475,90.3,2.01275
21-11-2013 04:00,1.383679054,0.000351351,0.0135,0.030489865,0,0,0,0,0,0.988,6.173,88.275,1.787
21-11-2013 05:00,1.355819257,0,0.013677365,0.030701014,0,0,0,0,0,0.988,6.08175,87.175,1.93325
21-11-2013 06:00,1.512019048,0.012238095,0.004671429,0.018904762,0,0,0,0,0,0.8094,5.931,84.325,1.913
21-11-2013 07:00,0.368140411,0.000534247,0.013659247,0.012965753,0,0,0,0,0,0.001,5.5475,87.225,1.507
21-11-2013 08:00,0.219072881,0.030986441,0.013127119,0.02610678,0,0,0,0,0,0.001,5.4525,88.45,1.321
21-11-2013 09:00,0.551417085,0.005527638,0.013403685,0.030532663,2.01E-05,0,0,0,0,0.001,6.01075,85.45,1.19075
21-11-2013 10:00,0.983611018,0,0.013721202,0.031173623,0,0,0,0,0,0.001,7.1915,81.225,1.34075
21-11-2013 11:00,0.842639456,0.037127551,0.013431973,0.024988095,0,0,0,0,0,0.001,7.543,81.675,1.4375
21-11-2013 12:00,0.496356187,0,0.013190635,0.014366221,3.01E-05,0,0,0,0,0.001,7.54525,79.6125,1.5525
21-11-2013 13:00,1.090359848,0,0.015598485,0.025160985,0,0,0,0,0,0.001,8.01475,74.555,2.19825
21-11-2013 14:00,0.677472789,0.036903061,0.013064626,0.030744898,0,0,0,0,0,0.001,7.90775,75.895,2.09325
21-11-2013 15:00,0.4106914,0.000244519,0.011802698,0.031043845,0,0,0,0,0,0.001,7.487,77.0975,1.2755
21-11-2013 16:00,0.549522843,0.036820643,0.013005076,0.027722504,0,0,0,0,0,0.001,6.802,81.895,1.14275
21-11-2013 17:00,0.548511745,0.000248322,0.010778523,0.015454698,0,0,0,0.015186242,0,0.001,5.96525,81.15,1.1525
21-11-2013 18:00,0.802605085,0.025218644,0.010020339,0.019659322,0,0,0,0,0,0.001,4.92925,85.375,0.77275
21-11-2013 19:00,0.549496154,0.019209615,0.012721154,0.020186538,0,0,0,0,0,0.001,3.9565,89,0.90725
21-11-2013 20:00,0.688974832,0.022684564,0.013516779,0.085171141,0,0,0,0,0.031654362,0.001,3.664,90.875,1.0515
21-11-2013 21:00,0.757413559,0.017298305,0.013518644,0.065435593,0,0,0,0,0.032128814,0.001,3.6875,91.725,1.333
21-11-2013 22:00,0.508054146,0.002299492,0.013414552,0.027165821,0.000649746,0,0,0,0.023285956,0.001,4.223,90.725,1.50725
21-11-2013 23:00,0.204281619,0.035244519,0.01325801,0.021112985,0,0,0,0,0,0.001,3.85275,92.125,1.2265
22-11-2013 00:00,0.988830537,0,0.013568792,0.01972651,0,0,0,0,0.020258389,0.833751678,2.73525,94.15,0.61775
22-11-2013 01:00,1.321641156,0.037413265,0.01294898,0.025292517,0,0,0,0,0,1.02,2.15275,95.1,0.75725
22-11-2013 02:00,1.434966044,0,0.013497453,0.02896944,0,0,0,0,0,1.02,2.0635,95.35,1.0975
22-11-2013 03:00,1.393940171,0,0.01317094,0.029097436,0,0,0,0,0.001483761,1.02,2.22575,95.575,0.902
22-11-2013 04:00,1.447235786,0.03726087,0.013317726,0.028867893,0,0,0,0,0,1.02,2.2915,95.775,0.78025
22-11-2013 05:00,1.387425676,0,0.013054054,0.027459459,0,0,0,0,0,1.02,2.68725,95.45,1.12075
22-11-2013 06:00,0.646222417,0.003688266,0.010273205,0.016197898,0,0,0,0,0,0.206227671,2.86275,95.1,1.19925
22-11-2013 07:00,0.64284264,0.037536379,0.009736041,0.015649746,0,0,0,0,0,0.001,2.978,94.5,1.309
22-11-2013 08:00,0.408868668,0.000198874,0.011598499,0.041180113,0,0,0,0.006133208,0,0.001,3.33825,93.325,1.39475
22-11-2013 09:00,0.538707665,0.030306595,0.010545455,0.028222816,0,0,0,0.001071301,0,0.001,4.077,91.6,1.3605
22-11-2013 10:00,1.339522876,0.006276688,0.014884532,0.039124183,0,0.116372549,0,0,0,0.001,4.98025,89.45,1.30275
22-11-2013 11:00,1.060840551,5.12E-05,0.015818898,0.031511811,0,0.05636811,0,0,0,0.001,6.10925,84.775,1.4105
22-11-2013 12:00,1.260208984,0.0370625,0.007138672,0.044453125,0,0,0,0,0,0.001,7.02975,78.075,1.78875
22-11-2013 13:00,0.920517544,0.001207602,0.003751462,0.071277778,0.016640351,0.079178363,0,0,0.030830409,0.001,7.6635,75.5725,1.60625
22-11-2013 14:00,0.398910798,0.016892019,0.01391784,0.046258216,0.001950704,0,0,0,0.020375587,0.001,7.38225,78.7225,1.31
22-11-2013 15:00,0.305891667,0,0.017385,0.069525,0,0,0,0,0.033166667,0.001,6.978,80.6225,1.225
22-11-2013 16:00,0.411962227,0.033393638,0.020580517,0.027147117,0,0,0,0,0.034200795,0.001,6.14925,84.575,1.47425
22-11-2013 17:00,0.54846087,1.04E-05,0.014852174,0.019951304,0,0,0,0,0.03308,0.001,5.4025,87.65,1.552
22-11-2013 18:00,0.598070352,0.046283082,0.013824121,0.044656616,0,0,0,0,0.033606365,0.001,5.0005,89.15,1.15175
22-11-2013 19:00,1.182064407,0.000252542,0.013769492,0.022250847,0,0,0,0,0.031989831,0.001,5.10675,89.475,1.17575
22-11-2013 20:00,0.648364726,0.036136986,0.013446918,0.033933219,0,0,0,0.027203767,0.02677911,0.001,4.89175,90.825,1.33475
22-11-2013 21:00,0.817881356,9.83E-05,0.012818644,0.031254237,2.71E-05,0,0,0.028150847,0.032111864,0.001,3.95175,92.1,1.00925
22-11-2013 22:00,0.613386598,0.036601375,0.011491409,0.030113402,0,0,0,0.01456701,0.033146048,0.001,2.74525,93.6,0.7675
22-11-2013 23:00,0.374382799,0,0.011291737,0.029537943,0,0,0,0,0.013740304,0.001,1.96925,94.2,0.73625
23-11-2013 00:00,0.975399317,0.032656997,0.009479522,0.028233788,0,0,0,0,0,0.803962457,2.142,93.625,0.72975
23-11-2013 01:00,1.30549236,0.002483871,0.008752122,0.021390492,0,0,0,0,0,1.023896435,2.3435,91.95,0.652
23-11-2013 02:00,1.461767402,0.004232598,0.012298812,0.019188455,0,0,0,0,0.014327674,1.016983022,2.2555,89.85,0.80925
23-11-2013 03:00,1.458103215,0.030796954,0.013255499,0.017827411,0,0,0,0,0.001404399,1.001150592,1.202,92.375,0.34425
23-11-2013 04:00,1.406877133,0,0.012906143,0.025459044,0,0,0,0,0,1.008,0.85175,92.575,0.4385
23-11-2013 05:00,1.439476271,0.035491525,0.013454237,0.027384746,0,0,0,0,0,1.008,0.8985,91.6,0.7865
23-11-2013 06:00,0.663135274,0,0.013681507,0.02722774,0,0,0,0,0,0.201047945,0.35975,91.35,0.87325
23-11-2013 07:00,0.488279461,8.08E-05,0.01293266,0.04202862,0,0,0,0,0.006759259,0.001,0.02375,90.525,0.6455
23-11-2013 08:00,0.320255282,0.03703169,0.013605634,0.017859155,0,0,0,0,0.033161972,0.001,0.36075,87.925,1.0485
23-11-2013 09:00,0.578785349,0.000245315,0.012431005,0.0330954,0,0,0,0,0.016855196,0.001,2.007,83.7,1.06125
23-11-2013 10:00,0.54044385,0.017216578,0.003729947,0.014935829,0,0.072385027,0,0.010842246,0,0.000994652,3.07175,84.425,1.44175
23-11-2013 11:00,0.31802,0,0.01327,0.029591667,0,0,0,0,0,0.001,3.94425,83.125,1.27825
23-11-2013 12:00,0.380371002,0.008336887,0.017093817,0.008690832,0,0,0,0,0,0.001,5.069,81.07,1.29575
23-11-2013 13:00,0.264565766,0.007162162,0.014279279,0.011430631,0,0,0,0,0,0.001,6.0245,78.28,1.36325
23-11-2013 14:00,0.908927948,0.000170306,0.012938865,0.024408297,0,0,0,0,0,0.001,6.335,77.7975,1.2825
23-11-2013 15:00,0.55157385,0.038554479,0.013823245,0.029811138,0,0,0,0.020004843,0,0.001,5.88375,82,1.423
23-11-2013 16:00,0.671576503,9.29E-05,0.015606557,0.033581967,0.000437158,0,0,0.027882514,0,0.001,5.7905,80.925,1.2305
23-11-2013 17:00,1.264860406,0.036327411,0.012895939,0.033139594,0,0,0,0.027149746,0,0.000994924,5.514,83.275,1.53425
23-11-2013 18:00,0.645488312,0.000218182,0.012493506,0.027693506,0,0,0,0.028488312,0,0.001,4.68575,82.3,1.7395
23-11-2013 19:00,1.347460976,0.033258537,0.011817073,0.02074878,0,0,0,0.020980488,0.005956098,0.001,3.93975,82.75,1.06275
23-11-2013 20:00,0.622282609,0,0.012163043,0.02582337,0,0,0,0.022192935,0.031559783,0.001,3.56375,83,1.054
23-11-2013 21:00,0.589572917,0.034260417,0.012322917,0.031752604,0,0,0,0,0.029786458,0.001,3.39975,83.4,1.083
23-11-2013 22:00,1.715418605,0,0.016007752,0.028059432,0,0,0,0,0.019103359,0.001,3.62725,82.675,1.078
23-11-2013 23:00,0.584607143,0.025934211,0.011795113,0.029515038,0,0,0,0,0.03343609,0.001,3.75475,82.875,1.04425
24-11-2013 00:00,1.029822446,0.01379062,0.017201005,0.0499933,0,0,0,0,0.001432161,0.81219598,3.8725,82.5,1.01275
24-11-2013 01:00,1.433021703,0,0.01387813,0.023038397,0,0,0,0,0,1.007053422,4.0445,81.9,1.1185
24-11-2013 02:00,1.430714047,0.036784281,0.013503344,0.021311037,0,0,0,0,0.024779264,1.014058528,4.257,81.65,1.28925
24-11-2013 03:00,1.363631933,0,0.012178151,0.020761345,0,0,0,0,0.001364706,1.00977479,4.4935,81.375,1.476
24-11-2013 04:00,1.763641509,0.021650943,0.013002358,0.02609434,0,0,0.330695755,0,0,1.012808962,4.7075,81.65,1.14975
24-11-2013 05:00,2.246893617,0.016359338,0.009408983,0.026888889,0,0,0.78798818,0,0,1.002104019,4.85025,81.65,0.88875
24-11-2013 06:00,0.564564607,0,0.010865169,0.022668539,0.005033708,0,0,0,0,0.183115169,5.1615,81.275,0.99425
24-11-2013 07:00,0.547123153,0.037834975,0.011472906,0.027211823,0,0,0,0,0,0.001,5.28275,82.575,0.99825
24-11-2013 08:00,0.339687817,0,0.010982234,0.027893401,0,0,0,0,0,0.001,5.8915,82.7,1.3275
24-11-2013 09:00,0.808152439,0.027713415,0.016353659,0.021823171,0,0,0,0,0,0.000996951,6.499,82.1,1.59475
24-11-2013 10:00,0.334786096,0.007470588,0.012751337,0.024254011,0,0,0,0,0,0.001,7.05125,81.975,1.80975
24-11-2013 11:00,0.296764179,0,0.012083582,0.029283582,0,0,0,0,0,0.001,7.218,83.8,1.7055
24-11-2013 12:00,0.919947826,0.043626087,0.012365217,0.02664058,0,0,0,0.014811594,0,0.001,7.461,84.375,1.70025
24-11-2013 13:00,0.867597368,0,0.015181579,0.024284211,0,0,0,0,0,0.001,7.8015,83.25,1.2975
24-11-2013 14:00,0.973901478,0.037403941,0.013990148,0.022270936,0,0,0,0,0,0.001,7.8275,79.485,1.4415
24-11-2013 15:00,0.586878525,0.000104121,0.011882863,0.026255965,0,0,0,0,0,0.001,7.48225,72.095,1.47275
24-11-2013 16:00,0.52425,0.014465909,0.013597727,0.024054545,9.09E-06,0,0,0.010109091,0,0.000995455,7.10325,74.695,1.18825
24-11-2013 17:00,0.592532688,0.022612591,0.012760291,0.022433414,0,0,0,0.02598063,0,0.001,6.63975,80.3575,1.02925
24-11-2013 18:00,0.753780105,0.000125654,0.014958115,0.021874346,0,0,0,0.02886911,0,0.001,6.083,80.105,0.881
24-11-2013 19:00,0.624051724,0.041247845,0.014612069,0.026625,0,0,0,0.025508621,0.024047414,0.000987069,5.7815,82.85,1.14075
24-11-2013 20:00,0.562957317,0,0.013335366,0.025426829,0,0,0,0.013985772,0.033022358,0.000997967,5.25975,86.65,1.1995
24-11-2013 21:00,0.569617647,0.060556863,0.008517647,0.028078431,0,0,0,0.000839216,0.032470588,0.001,5.0115,87.85,1.22875
24-11-2013 22:00,2.524269341,0.008561605,0.007756447,0.03530086,0,0,0,0.007272206,0.031309456,0.001,4.4945,87.95,1.226
24-11-2013 23:00,0.362780702,0.038350877,0.009833333,0.027751462,0,0,0,0.00874269,0.010459064,0.001,4.0465,87.95,1.362
25-11-2013 00:00,0.957111111,0.002439276,0.013509044,0.026666667,0,0,0,0,0,0.801943152,3.955,87.55,1.38925
25-11-2013 01:00,1.502840116,0.012593023,0.01309593,0.025988372,0,0,0,0,0.010468023,0.990087209,4.14425,86.4,1.277
25-11-2013 02:00,1.432647959,0.064387755,0.013744898,0.026755102,0,0,0,0,0.006553571,1.001630102,4.1685,86.575,1.31325
25-11-2013 03:00,1.392822542,0,0.013769784,0.020935252,0,0,0,0,0.001613909,1.004266187,4.12675,86.125,1.24675
